id,name,link
1,Bergamot,https://fimgs.net/mdimg/sastojci/m.75.jpg
2,Bitter Orange,https://fimgs.net/mdimg/sastojci/m.79.jpg
3,Blood Orange,https://fimgs.net/mdimg/sastojci/m.286.jpg
4,Calamansi,https://fimgs.net/mdimg/sastojci/m.1028.jpg
5,Chinotto,https://fimgs.net/mdimg/sastojci/m.866.jpg
6,Citron,https://fimgs.net/mdimg/sastojci/m.373.jpg
7,Citruses,https://fimgs.net/mdimg/sastojci/m.313.jpg
8,Clementine,https://fimgs.net/mdimg/sastojci/m.84.jpg
9,Finger Lime,https://fimgs.net/mdimg/sastojci/m.881.jpg
10,Grapefruit,https://fimgs.net/mdimg/sastojci/m.76.jpg
11,Hassaku,https://fimgs.net/mdimg/sastojci/m.445.jpg
12,Hatkora lemon,https://fimgs.net/mdimg/sastojci/m.639.jpg
13,Kaffir Lime,https://fimgs.net/mdimg/sastojci/m.958.jpg
14,Kumquat,https://fimgs.net/mdimg/sastojci/m.81.jpg
15,Lemon,https://fimgs.net/mdimg/sastojci/m.77.jpg
16,Lemon Balm,https://fimgs.net/mdimg/sastojci/m.375.jpg
17,Lemon tree,https://fimgs.net/mdimg/sastojci/m.381.jpg
18,Lemon Verbena,https://fimgs.net/mdimg/sastojci/m.120.jpg
19,Lemon Zest,https://fimgs.net/mdimg/sastojci/m.788.jpg
20,Lemongrass,https://fimgs.net/mdimg/sastojci/m.358.jpg
21,Lime,https://fimgs.net/mdimg/sastojci/m.78.jpg
22,Limetta,https://fimgs.net/mdimg/sastojci/m.901.jpg
23,Litsea Cubeba,https://fimgs.net/mdimg/sastojci/m.529.jpg
24,Mandarin Orange,https://fimgs.net/mdimg/sastojci/m.82.jpg
25,Mandora,https://fimgs.net/mdimg/sastojci/m.1044.jpg
26,Methyl Pamplemousse,https://fimgs.net/mdimg/sastojci/m.467.jpg
27,Neroli,https://fimgs.net/mdimg/sastojci/m.17.jpg
28,Orange,https://fimgs.net/mdimg/sastojci/m.80.jpg
29,Petitgrain,https://fimgs.net/mdimg/sastojci/m.3.jpg
30,Pomelo,https://fimgs.net/mdimg/sastojci/m.242.jpg
31,Tangelo,https://fimgs.net/mdimg/sastojci/m.935.jpg
32,Tangerine,https://fimgs.net/mdimg/sastojci/m.85.jpg
33,Yuzu,https://fimgs.net/mdimg/sastojci/m.83.jpg
34,Acai berry,https://fimgs.net/mdimg/sastojci/m.596.jpg
35,Acerola,https://fimgs.net/mdimg/sastojci/m.673.jpg
36,Almond,https://fimgs.net/mdimg/sastojci/m.130.jpg
37,Apple,https://fimgs.net/mdimg/sastojci/m.146.jpg
38,Apple juice,https://fimgs.net/mdimg/sastojci/m.929.jpg
39,Apple pulp,https://fimgs.net/mdimg/sastojci/m.930.jpg
40,Apple sherbet,https://fimgs.net/mdimg/sastojci/m.823.jpg
41,Apricot,https://fimgs.net/mdimg/sastojci/m.175.jpg
42,Arctic Bramble,https://fimgs.net/mdimg/sastojci/m.1027.jpg
43,Argan,https://fimgs.net/mdimg/sastojci/m.956.jpg
44,Banana,https://fimgs.net/mdimg/sastojci/m.123.jpg
45,Barberry,https://fimgs.net/mdimg/sastojci/m.329.jpg
46,Bearberry,https://fimgs.net/mdimg/sastojci/m.344.jpg
47,Beetroot,https://fimgs.net/mdimg/sastojci/m.817.jpg
48,Black Currant,https://fimgs.net/mdimg/sastojci/m.132.jpg
49,Blackberry,https://fimgs.net/mdimg/sastojci/m.169.jpg
50,Blackthorn,https://fimgs.net/mdimg/sastojci/m.634.jpg
51,Blueberry,https://fimgs.net/mdimg/sastojci/m.225.jpg
52,Boysenberry,https://fimgs.net/mdimg/sastojci/m.577.jpg
53,Brazil nut,https://fimgs.net/mdimg/sastojci/m.533.jpg
54,Carambola (Star Fruit),https://fimgs.net/mdimg/sastojci/m.212.jpg
55,Carrot,https://fimgs.net/mdimg/sastojci/m.275.jpg
56,Cashew,https://fimgs.net/mdimg/sastojci/m.1009.jpg
57,Cassowary fruit,https://fimgs.net/mdimg/sastojci/m.444.jpg
58,Cepes,https://fimgs.net/mdimg/sastojci/m.376.jpg
59,Chayote,https://fimgs.net/mdimg/sastojci/m.774.jpg
60,Cherimoya,https://fimgs.net/mdimg/sastojci/m.880.jpg
61,Cherry,https://fimgs.net/mdimg/sastojci/m.297.jpg
62,Chestnut,https://fimgs.net/mdimg/sastojci/m.578.jpg
63,Cloudberry,https://fimgs.net/mdimg/sastojci/m.692.jpg
64,Coconut,https://fimgs.net/mdimg/sastojci/m.138.jpg
65,Corn Silk,https://fimgs.net/mdimg/sastojci/m.548.jpg
66,Cranberry,https://fimgs.net/mdimg/sastojci/m.274.jpg
67,Cucumber,https://fimgs.net/mdimg/sastojci/m.126.jpg
68,"Cupuacu, Cupuassu, Copoasu",https://fimgs.net/mdimg/sastojci/m.465.jpg
69,Currant leaf and bud,https://fimgs.net/mdimg/sastojci/m.337.jpg
70,Cyperus scariosus,https://fimgs.net/mdimg/sastojci/m.460.jpg
71,Dewberry,https://fimgs.net/mdimg/sastojci/m.644.jpg
72,Dried Apple Crisp,https://fimgs.net/mdimg/sastojci/m.908.jpg
73,Dried Apricot,https://fimgs.net/mdimg/sastojci/m.961.jpg
74,Dried Fruits,https://fimgs.net/mdimg/sastojci/m.230.jpg
75,Fig,https://fimgs.net/mdimg/sastojci/m.247.jpg
76,Fig Leaf,https://fimgs.net/mdimg/sastojci/m.150.jpg
77,Forest fruits,https://fimgs.net/mdimg/sastojci/m.382.jpg
78,Frosted Berries,https://fimgs.net/mdimg/sastojci/m.805.jpg
79,Fruity Notes,https://fimgs.net/mdimg/sastojci/m.320.jpg
80,Goji Berries,https://fimgs.net/mdimg/sastojci/m.696.jpg
81,Gooseberry,https://fimgs.net/mdimg/sastojci/m.249.jpg
82,Grape Seed,https://fimgs.net/mdimg/sastojci/m.937.jpg
83,Grapes,https://fimgs.net/mdimg/sastojci/m.269.jpg
84,Greengage,https://fimgs.net/mdimg/sastojci/m.996.jpg
85,Ground Cherry,https://fimgs.net/mdimg/sastojci/m.682.jpg
86,Guarana,https://fimgs.net/mdimg/sastojci/m.532.jpg
87,Guava,https://fimgs.net/mdimg/sastojci/m.177.jpg
88,Hazelnut,https://fimgs.net/mdimg/sastojci/m.141.jpg
89,Jabuticaba,https://fimgs.net/mdimg/sastojci/m.615.jpg
90,Jackfruit,https://fimgs.net/mdimg/sastojci/m.462.jpg
91,Japanese Loquat,https://fimgs.net/mdimg/sastojci/m.550.jpg
92,Jobs tears (Yi Yi Ren),https://fimgs.net/mdimg/sastojci/m.916.jpg
93,Kiwi,https://fimgs.net/mdimg/sastojci/m.178.jpg
94,Kumbaru,https://fimgs.net/mdimg/sastojci/m.616.jpg
95,Lingonberry,https://fimgs.net/mdimg/sastojci/m.1029.jpg
96,Litchi,https://fimgs.net/mdimg/sastojci/m.194.jpg
97,Longan Berries,https://fimgs.net/mdimg/sastojci/m.1030.jpg
98,Macadamia,https://fimgs.net/mdimg/sastojci/m.666.jpg
99,Mahonia,https://fimgs.net/mdimg/sastojci/m.909.jpg
100,Malt,https://fimgs.net/mdimg/sastojci/m.480.jpg
101,Mango,https://fimgs.net/mdimg/sastojci/m.179.jpg
102,Mangosteen,https://fimgs.net/mdimg/sastojci/m.303.jpg
103,Maninka,https://fimgs.net/mdimg/sastojci/m.693.jpg
104,Marian Plum,https://fimgs.net/mdimg/sastojci/m.1007.jpg
105,Melon,https://fimgs.net/mdimg/sastojci/m.172.jpg
106,Mirabelle,https://fimgs.net/mdimg/sastojci/m.491.jpg
107,Moepel accord,https://fimgs.net/mdimg/sastojci/m.654.jpg
108,Mulberry,https://fimgs.net/mdimg/sastojci/m.531.jpg
109,Mushroom,https://fimgs.net/mdimg/sastojci/m.839.jpg
110,Nashi Pear,https://fimgs.net/mdimg/sastojci/m.1010.jpg
111,Nectarine,https://fimgs.net/mdimg/sastojci/m.197.jpg
112,Nutty Notes,https://fimgs.net/mdimg/sastojci/m.1023.jpg
113,Olive,https://fimgs.net/mdimg/sastojci/m.263.jpg
114,Papaya,https://fimgs.net/mdimg/sastojci/m.227.jpg
115,Passionfruit,https://fimgs.net/mdimg/sastojci/m.161.jpg
116,Pea,https://fimgs.net/mdimg/sastojci/m.637.jpg
117,Peach,https://fimgs.net/mdimg/sastojci/m.117.jpg
118,Peanut,https://fimgs.net/mdimg/sastojci/m.547.jpg
119,Pear,https://fimgs.net/mdimg/sastojci/m.182.jpg
120,Pecan,https://fimgs.net/mdimg/sastojci/m.1022.jpg
121,Persimmon,https://fimgs.net/mdimg/sastojci/m.341.jpg
122,Pineapple,https://fimgs.net/mdimg/sastojci/m.170.jpg
123,Pinot Noir grapes,https://fimgs.net/mdimg/sastojci/m.721.jpg
124,Pistachio,https://fimgs.net/mdimg/sastojci/m.221.jpg
125,Pitahaya,https://fimgs.net/mdimg/sastojci/m.218.jpg
126,Pitanga,https://fimgs.net/mdimg/sastojci/m.747.jpg
127,Plum,https://fimgs.net/mdimg/sastojci/m.171.jpg
128,Pomegranate,https://fimgs.net/mdimg/sastojci/m.193.jpg
129,Pumpkin,https://fimgs.net/mdimg/sastojci/m.509.jpg
130,Quince,https://fimgs.net/mdimg/sastojci/m.223.jpg
131,Rambutan,https://fimgs.net/mdimg/sastojci/m.1036.jpg
132,Raspberry,https://fimgs.net/mdimg/sastojci/m.174.jpg
133,Red Apple,https://fimgs.net/mdimg/sastojci/m.144.jpg
134,Red Berries,https://fimgs.net/mdimg/sastojci/m.184.jpg
135,Red Currant,https://fimgs.net/mdimg/sastojci/m.134.jpg
136,Red Fruits,https://fimgs.net/mdimg/sastojci/m.726.jpg
137,Rhubarb,https://fimgs.net/mdimg/sastojci/m.188.jpg
138,Sapodilla,https://fimgs.net/mdimg/sastojci/m.645.jpg
139,Sea Buckthorn,https://fimgs.net/mdimg/sastojci/m.871.jpg
140,Snowberry,https://fimgs.net/mdimg/sastojci/m.746.jpg
141,Sour Cherry,https://fimgs.net/mdimg/sastojci/m.176.jpg
142,Soursop,https://fimgs.net/mdimg/sastojci/m.1005.jpg
143,Soybean,https://fimgs.net/mdimg/sastojci/m.224.jpg
144,Squash,https://fimgs.net/mdimg/sastojci/m.1018.jpg
145,Star apple,https://fimgs.net/mdimg/sastojci/m.428.jpg
146,Strawberry,https://fimgs.net/mdimg/sastojci/m.261.jpg
147,Tayberry,https://fimgs.net/mdimg/sastojci/m.330.jpg
148,Tomato,https://fimgs.net/mdimg/sastojci/m.252.jpg
149,Tropical Fruits,https://fimgs.net/mdimg/sastojci/m.319.jpg
150,Umbu-Cajá | Taperebá,https://fimgs.net/mdimg/sastojci/m.782.jpg
151,Walnut,https://fimgs.net/mdimg/sastojci/m.336.jpg
152,Water Fruit,https://fimgs.net/mdimg/sastojci/m.702.jpg
153,Watermelon,https://fimgs.net/mdimg/sastojci/m.173.jpg
154,White Currant,https://fimgs.net/mdimg/sastojci/m.219.jpg
155,Wild Strawberry,https://fimgs.net/mdimg/sastojci/m.163.jpg
156,Winterberry,https://fimgs.net/mdimg/sastojci/m.438.jpg
157,Wolfberry,https://fimgs.net/mdimg/sastojci/m.520.jpg
158,Yellow Cherry,https://fimgs.net/mdimg/sastojci/m.292.jpg
159,Yumberry,https://fimgs.net/mdimg/sastojci/m.650.jpg
160,Acacia,https://fimgs.net/mdimg/sastojci/m.730.jpg
161,Acerola blossom,https://fimgs.net/mdimg/sastojci/m.674.jpg
162,Aglaia,https://fimgs.net/mdimg/sastojci/m.414.jpg
163,Almond Blossom,https://fimgs.net/mdimg/sastojci/m.131.jpg
164,Alumroot,https://fimgs.net/mdimg/sastojci/m.624.jpg
165,Alyssum,https://fimgs.net/mdimg/sastojci/m.609.jpg
166,Amarillys,https://fimgs.net/mdimg/sastojci/m.279.jpg
167,Anemone,https://fimgs.net/mdimg/sastojci/m.244.jpg
168,Angel's Trumpet,https://fimgs.net/mdimg/sastojci/m.377.jpg
169,Apple Blossom,https://fimgs.net/mdimg/sastojci/m.285.jpg
170,Apricot Blossom,https://fimgs.net/mdimg/sastojci/m.365.jpg
171,Ashoka Flower,https://fimgs.net/mdimg/sastojci/m.827.jpg
172,Banana Flower,https://fimgs.net/mdimg/sastojci/m.957.jpg
173,Begonia,https://fimgs.net/mdimg/sastojci/m.1060.jpg
174,Belladona,https://fimgs.net/mdimg/sastojci/m.496.jpg
175,Bellflower,https://fimgs.net/mdimg/sastojci/m.293.jpg
176,Bergamot Blossom,https://fimgs.net/mdimg/sastojci/m.680.jpg
177,Black Currant Blossom,https://fimgs.net/mdimg/sastojci/m.133.jpg
178,Blackberry Blossom,https://fimgs.net/mdimg/sastojci/m.886.jpg
179,Blue Lilies,https://fimgs.net/mdimg/sastojci/m.787.jpg
180,Blue Poppy,https://fimgs.net/mdimg/sastojci/m.342.jpg
181,Bougainvillea,https://fimgs.net/mdimg/sastojci/m.466.jpg
182,Bread Flower,https://fimgs.net/mdimg/sastojci/m.846.jpg
183,Bromelia,https://fimgs.net/mdimg/sastojci/m.633.jpg
184,Buddleia,https://fimgs.net/mdimg/sastojci/m.604.jpg
185,Butomus umbellatus,https://fimgs.net/mdimg/sastojci/m.859.jpg
186,Buttercup,https://fimgs.net/mdimg/sastojci/m.885.jpg
187,Camellia,https://fimgs.net/mdimg/sastojci/m.254.jpg
188,Cannonball Flower,https://fimgs.net/mdimg/sastojci/m.826.jpg
189,Carambola blossom,https://fimgs.net/mdimg/sastojci/m.675.jpg
190,Carnation,https://fimgs.net/mdimg/sastojci/m.7.jpg
191,Celosia,https://fimgs.net/mdimg/sastojci/m.605.jpg
192,Chamomile,https://fimgs.net/mdimg/sastojci/m.289.jpg
193,Champaca,https://fimgs.net/mdimg/sastojci/m.243.jpg
194,Cherry Blossom,https://fimgs.net/mdimg/sastojci/m.298.jpg
195,Chimonanthus or Wintersweet,https://fimgs.net/mdimg/sastojci/m.489.jpg
196,China Rose,https://fimgs.net/mdimg/sastojci/m.797.jpg
197,Chinotto blossom,https://fimgs.net/mdimg/sastojci/m.867.jpg
198,Chocolate Flower,https://fimgs.net/mdimg/sastojci/m.189.jpg
199,Christmas Tree or Flame Tree,https://fimgs.net/mdimg/sastojci/m.502.jpg
200,Chrysanthemum,https://fimgs.net/mdimg/sastojci/m.211.jpg
201,Clematis,https://fimgs.net/mdimg/sastojci/m.877.jpg
202,Clover,https://fimgs.net/mdimg/sastojci/m.125.jpg
203,Coffee blossom,https://fimgs.net/mdimg/sastojci/m.561.jpg
204,"Cornflower, Sultan seeds",https://fimgs.net/mdimg/sastojci/m.463.jpg
205,Cosmos Flower,https://fimgs.net/mdimg/sastojci/m.912.jpg
206,Costus,https://fimgs.net/mdimg/sastojci/m.439.jpg
207,Cotton Flower,https://fimgs.net/mdimg/sastojci/m.301.jpg
208,Crinum lily,https://fimgs.net/mdimg/sastojci/m.659.jpg
209,Cyclamen,https://fimgs.net/mdimg/sastojci/m.166.jpg
210,Dahlia,https://fimgs.net/mdimg/sastojci/m.560.jpg
211,Daisy,https://fimgs.net/mdimg/sastojci/m.468.jpg
212,Dandelion,https://fimgs.net/mdimg/sastojci/m.505.jpg
213,Daphne,https://fimgs.net/mdimg/sastojci/m.625.jpg
214,deadnettle,https://fimgs.net/mdimg/sastojci/m.1034.jpg
215,Delonix,https://fimgs.net/mdimg/sastojci/m.1020.jpg
216,Desert Rose,https://fimgs.net/mdimg/sastojci/m.469.jpg
217,Dianthus,https://fimgs.net/mdimg/sastojci/m.700.jpg
218,Dove tree,https://fimgs.net/mdimg/sastojci/m.419.jpg
219,Dried Rose,https://fimgs.net/mdimg/sastojci/m.971.jpg
220,Dyer's Greenweed,https://fimgs.net/mdimg/sastojci/m.238.jpg
221,Edelweiss,https://fimgs.net/mdimg/sastojci/m.401.jpg
222,Eglantine Rose,https://fimgs.net/mdimg/sastojci/m.977.jpg
223,Elderflower,https://fimgs.net/mdimg/sastojci/m.140.jpg
224,Encian,https://fimgs.net/mdimg/sastojci/m.397.jpg
225,English marigold,https://fimgs.net/mdimg/sastojci/m.191.jpg
226,Field scabious,https://fimgs.net/mdimg/sastojci/m.651.jpg
227,Flamingo flower (Anthurium),https://fimgs.net/mdimg/sastojci/m.917.jpg
228,Flax,https://fimgs.net/mdimg/sastojci/m.291.jpg
229,Floral Notes,https://fimgs.net/mdimg/sastojci/m.314.jpg
230,Forget me not,https://fimgs.net/mdimg/sastojci/m.421.jpg
231,Fragonia,https://fimgs.net/mdimg/sastojci/m.522.jpg
232,Freesia,https://fimgs.net/mdimg/sastojci/m.94.jpg
233,Fuchsia,https://fimgs.net/mdimg/sastojci/m.272.jpg
234,Geranium,https://fimgs.net/mdimg/sastojci/m.21.jpg
235,Gerbera,https://fimgs.net/mdimg/sastojci/m.450.jpg
236,Gladiolus,https://fimgs.net/mdimg/sastojci/m.364.jpg
237,Goldenrod,https://fimgs.net/mdimg/sastojci/m.686.jpg
238,Gorse,https://fimgs.net/mdimg/sastojci/m.566.jpg
239,grapeflower,https://fimgs.net/mdimg/sastojci/m.1047.jpg
240,Green Nard,https://fimgs.net/mdimg/sastojci/m.778.jpg
241,Green Tea Flower,https://fimgs.net/mdimg/sastojci/m.864.jpg
242,Guava blossom,https://fimgs.net/mdimg/sastojci/m.676.jpg
243,Hawthorn,https://fimgs.net/mdimg/sastojci/m.89.jpg
244,Hazel Blossom,https://fimgs.net/mdimg/sastojci/m.1015.jpg
245,Heather,https://fimgs.net/mdimg/sastojci/m.473.jpg
246,Heliotrope,https://fimgs.net/mdimg/sastojci/m.99.jpg
247,Hellabore Flower,https://fimgs.net/mdimg/sastojci/m.357.jpg
248,Hemlock,https://fimgs.net/mdimg/sastojci/m.497.jpg
249,Hibiscus,https://fimgs.net/mdimg/sastojci/m.187.jpg
250,Hoary Stock,https://fimgs.net/mdimg/sastojci/m.701.jpg
251,Holly Flower,https://fimgs.net/mdimg/sastojci/m.752.jpg
252,Hollyhock,https://fimgs.net/mdimg/sastojci/m.705.jpg
253,Honeybush or Cyclopia,https://fimgs.net/mdimg/sastojci/m.814.jpg
254,Honeydew Blossom,https://fimgs.net/mdimg/sastojci/m.809.jpg
255,Hortensia,https://fimgs.net/mdimg/sastojci/m.271.jpg
256,"Hoya carnosa, wax plant",https://fimgs.net/mdimg/sastojci/m.551.jpg
257,Hyacinth,https://fimgs.net/mdimg/sastojci/m.22.jpg
258,Hyssop,https://fimgs.net/mdimg/sastojci/m.426.jpg
259,Impatiens,https://fimgs.net/mdimg/sastojci/m.567.jpg
260,Iris,https://fimgs.net/mdimg/sastojci/m.11.jpg
261,Jacaranda,https://fimgs.net/mdimg/sastojci/m.677.jpg
262,Jade Flower,https://fimgs.net/mdimg/sastojci/m.629.jpg
263,Jasmine Orchid,https://fimgs.net/mdimg/sastojci/m.995.jpg
264,Jujube Blossom,https://fimgs.net/mdimg/sastojci/m.1037.jpg
265,Kadam,https://fimgs.net/mdimg/sastojci/m.737.jpg
266,Kanuka,https://fimgs.net/mdimg/sastojci/m.785.jpg
267,Kiwi blossom,https://fimgs.net/mdimg/sastojci/m.443.jpg
268,Kudzu,https://fimgs.net/mdimg/sastojci/m.472.jpg
269,Laburnum,https://fimgs.net/mdimg/sastojci/m.234.jpg
270,Lady of the Night Flower,https://fimgs.net/mdimg/sastojci/m.750.jpg
271,Lady Slipper Orchid,https://fimgs.net/mdimg/sastojci/m.878.jpg
272,Lamduan Flower,https://fimgs.net/mdimg/sastojci/m.855.jpg
273,Lamprocapnos,https://fimgs.net/mdimg/sastojci/m.858.jpg
274,Lantana,https://fimgs.net/mdimg/sastojci/m.600.jpg
275,Larkspur,https://fimgs.net/mdimg/sastojci/m.972.jpg
276,Laurel Blossom,https://fimgs.net/mdimg/sastojci/m.1019.jpg
277,Lavender,https://fimgs.net/mdimg/sastojci/m.1.jpg
278,Leatherwood,https://fimgs.net/mdimg/sastojci/m.766.jpg
279,Liatris,https://fimgs.net/mdimg/sastojci/m.490.jpg
280,Lilac,https://fimgs.net/mdimg/sastojci/m.152.jpg
281,Lily-of-the-Valley,https://fimgs.net/mdimg/sastojci/m.109.jpg
282,Lime (Linden) Blossom,https://fimgs.net/mdimg/sastojci/m.288.jpg
283,Lotus,https://fimgs.net/mdimg/sastojci/m.27.jpg
284,Lupin,https://fimgs.net/mdimg/sastojci/m.614.jpg
285,Lydia Broom,https://fimgs.net/mdimg/sastojci/m.368.jpg
286,Lysylang,https://fimgs.net/mdimg/sastojci/m.1065.jpg
287,Magnolia,https://fimgs.net/mdimg/sastojci/m.147.jpg
288,Malva,https://fimgs.net/mdimg/sastojci/m.804.jpg
289,Mango blossom,https://fimgs.net/mdimg/sastojci/m.380.jpg
290,Mariposa Lily,https://fimgs.net/mdimg/sastojci/m.1008.jpg
291,Mayflower,https://fimgs.net/mdimg/sastojci/m.869.jpg
292,Meadowsweet,https://fimgs.net/mdimg/sastojci/m.849.jpg
293,Melilotus,https://fimgs.net/mdimg/sastojci/m.612.jpg
294,Mignonette,https://fimgs.net/mdimg/sastojci/m.226.jpg
295,Mimosa,https://fimgs.net/mdimg/sastojci/m.167.jpg
296,Mimusops elengi,https://fimgs.net/mdimg/sastojci/m.740.jpg
297,Mirabilis,https://fimgs.net/mdimg/sastojci/m.356.jpg
298,Monarda,https://fimgs.net/mdimg/sastojci/m.892.jpg
299,Monoi Oil,https://fimgs.net/mdimg/sastojci/m.668.jpg
300,Morning Glory Flower,https://fimgs.net/mdimg/sastojci/m.967.jpg
301,Myrtle,https://fimgs.net/mdimg/sastojci/m.328.jpg
302,Narcissus,https://fimgs.net/mdimg/sastojci/m.18.jpg
303,Nasturtium,https://fimgs.net/mdimg/sastojci/m.384.jpg
304,Nectarine blossom,https://fimgs.net/mdimg/sastojci/m.635.jpg
305,Nerium Oleander,https://fimgs.net/mdimg/sastojci/m.304.jpg
306,Nigella,https://fimgs.net/mdimg/sastojci/m.874.jpg
307,Night Blooming Jasmine,https://fimgs.net/mdimg/sastojci/m.738.jpg
308,Olive flower,https://fimgs.net/mdimg/sastojci/m.427.jpg
309,Opium,https://fimgs.net/mdimg/sastojci/m.340.jpg
310,Orange Cassia Tree,https://fimgs.net/mdimg/sastojci/m.914.jpg
311,Orchard Blossom,https://fimgs.net/mdimg/sastojci/m.1031.jpg
312,Orchid,https://fimgs.net/mdimg/sastojci/m.154.jpg
313,Orchid Cactus,https://fimgs.net/mdimg/sastojci/m.860.jpg
314,Orris Root,https://fimgs.net/mdimg/sastojci/m.101.jpg
315,Osmanthus,https://fimgs.net/mdimg/sastojci/m.10.jpg
316,Pansy,https://fimgs.net/mdimg/sastojci/m.425.jpg
317,Papaya blossom,https://fimgs.net/mdimg/sastojci/m.448.jpg
318,Paramela,https://fimgs.net/mdimg/sastojci/m.792.jpg
319,Passion Flower,https://fimgs.net/mdimg/sastojci/m.162.jpg
320,Pataqueira,https://fimgs.net/mdimg/sastojci/m.732.jpg
321,Peach Blossom,https://fimgs.net/mdimg/sastojci/m.239.jpg
322,Pear Blossom,https://fimgs.net/mdimg/sastojci/m.526.jpg
323,Pelargonium,https://fimgs.net/mdimg/sastojci/m.287.jpg
324,Peony,https://fimgs.net/mdimg/sastojci/m.155.jpg
325,Periwinkle,https://fimgs.net/mdimg/sastojci/m.689.jpg
326,Petunia,https://fimgs.net/mdimg/sastojci/m.736.jpg
327,Phlox,https://fimgs.net/mdimg/sastojci/m.863.jpg
328,Pineapple blossom,https://fimgs.net/mdimg/sastojci/m.707.jpg
329,Pittosporum,https://fimgs.net/mdimg/sastojci/m.90.jpg
330,Plum blossom,https://fimgs.net/mdimg/sastojci/m.385.jpg
331,Poinsettia,https://fimgs.net/mdimg/sastojci/m.251.jpg
332,Pomegranate Blossom,https://fimgs.net/mdimg/sastojci/m.255.jpg
333,Poppy,https://fimgs.net/mdimg/sastojci/m.339.jpg
334,Primrose,https://fimgs.net/mdimg/sastojci/m.452.jpg
335,Princess Tree (Paulownia),https://fimgs.net/mdimg/sastojci/m.112.jpg
336,Privet,https://fimgs.net/mdimg/sastojci/m.354.jpg
337,Prunella,https://fimgs.net/mdimg/sastojci/m.510.jpg
338,Rangoon creeper,https://fimgs.net/mdimg/sastojci/m.819.jpg
339,Raspberry blossom,https://fimgs.net/mdimg/sastojci/m.534.jpg
340,Reseda,https://fimgs.net/mdimg/sastojci/m.690.jpg
341,Rhododendron,https://fimgs.net/mdimg/sastojci/m.209.jpg
342,Rosa rubiginosa,https://fimgs.net/mdimg/sastojci/m.678.jpg
343,Rose,https://fimgs.net/mdimg/sastojci/m.105.jpg
344,Rose Hip,https://fimgs.net/mdimg/sastojci/m.202.jpg
345,Rose Japanese (Hamanasu),https://fimgs.net/mdimg/sastojci/m.352.jpg
346,Rose Mallow,https://fimgs.net/mdimg/sastojci/m.241.jpg
347,Rosebay Willowherb,https://fimgs.net/mdimg/sastojci/m.642.jpg
348,Safflower,https://fimgs.net/mdimg/sastojci/m.113.jpg
349,Sainfoins,https://fimgs.net/mdimg/sastojci/m.630.jpg
350,Sand Lily,https://fimgs.net/mdimg/sastojci/m.1049.jpg
351,Santolina,https://fimgs.net/mdimg/sastojci/m.649.jpg
352,Silk Tree Blossom,https://fimgs.net/mdimg/sastojci/m.396.jpg
353,Smoketree,https://fimgs.net/mdimg/sastojci/m.1061.jpg
354,Snowdrops,https://fimgs.net/mdimg/sastojci/m.294.jpg
355,Solomon`s seal,https://fimgs.net/mdimg/sastojci/m.658.jpg
356,Sour Cherry Blossom,https://fimgs.net/mdimg/sastojci/m.207.jpg
357,Spanish Broom,https://fimgs.net/mdimg/sastojci/m.446.jpg
358,Spiraea,https://fimgs.net/mdimg/sastojci/m.638.jpg
359,St. John's Wort,https://fimgs.net/mdimg/sastojci/m.418.jpg
360,Strelitzia,https://fimgs.net/mdimg/sastojci/m.283.jpg
361,Strobilanthes callosa,https://fimgs.net/mdimg/sastojci/m.1046.jpg
362,Sunflower,https://fimgs.net/mdimg/sastojci/m.228.jpg
363,Sweet Pea,https://fimgs.net/mdimg/sastojci/m.92.jpg
364,Taif Rose,https://fimgs.net/mdimg/sastojci/m.115.jpg
365,Tamarisk,https://fimgs.net/mdimg/sastojci/m.773.jpg
366,Tobacco blossom,https://fimgs.net/mdimg/sastojci/m.346.jpg
367,Trillium,https://fimgs.net/mdimg/sastojci/m.1011.jpg
368,Tulip,https://fimgs.net/mdimg/sastojci/m.222.jpg
369,Viburnum,https://fimgs.net/mdimg/sastojci/m.1058.jpg
370,Violet,https://fimgs.net/mdimg/sastojci/m.116.jpg
371,Violet Woodsorrel,https://fimgs.net/mdimg/sastojci/m.433.jpg
372,Wallflower,https://fimgs.net/mdimg/sastojci/m.235.jpg
373,Water Hyacinth,https://fimgs.net/mdimg/sastojci/m.216.jpg
374,Water Lily,https://fimgs.net/mdimg/sastojci/m.30.jpg
375,White Ginger Lily,https://fimgs.net/mdimg/sastojci/m.739.jpg
376,Wildflowers,https://fimgs.net/mdimg/sastojci/m.379.jpg
377,Wisteria,https://fimgs.net/mdimg/sastojci/m.245.jpg
378,Wrightia,https://fimgs.net/mdimg/sastojci/m.854.jpg
379,Ylang-Ylang,https://fimgs.net/mdimg/sastojci/m.24.jpg
380,Yuzu Flower,https://fimgs.net/mdimg/sastojci/m.989.jpg
381,Zinnia,https://fimgs.net/mdimg/sastojci/m.891.jpg
382,Arum Lily,https://fimgs.net/mdimg/sastojci/m.215.jpg
383,Black Locust,https://fimgs.net/mdimg/sastojci/m.296.jpg
384,Boronia,https://fimgs.net/mdimg/sastojci/m.118.jpg
385,Carissa,https://fimgs.net/mdimg/sastojci/m.555.jpg
386,Datura,https://fimgs.net/mdimg/sastojci/m.378.jpg
387,Frangipani,https://fimgs.net/mdimg/sastojci/m.151.jpg
388,Gardenia,https://fimgs.net/mdimg/sastojci/m.19.jpg
389,Grapefruit blossom,https://fimgs.net/mdimg/sastojci/m.527.jpg
390,Honeysuckle,https://fimgs.net/mdimg/sastojci/m.86.jpg
391,Jasmine,https://fimgs.net/mdimg/sastojci/m.14.jpg
392,Karo-Karounde,https://fimgs.net/mdimg/sastojci/m.295.jpg
393,Lemon Blossom,https://fimgs.net/mdimg/sastojci/m.281.jpg
394,Lily,https://fimgs.net/mdimg/sastojci/m.157.jpg
395,Mandarin orange blossom,https://fimgs.net/mdimg/sastojci/m.366.jpg
396,Melati,https://fimgs.net/mdimg/sastojci/m.190.jpg
397,Mock Orange,https://fimgs.net/mdimg/sastojci/m.602.jpg
398,Moon Flower,https://fimgs.net/mdimg/sastojci/m.1055.jpg
399,Night Blooming Cereus,https://fimgs.net/mdimg/sastojci/m.338.jpg
400,Orange Blossom,https://fimgs.net/mdimg/sastojci/m.16.jpg
401,Stephanotis,https://fimgs.net/mdimg/sastojci/m.111.jpg
402,Syringa,https://fimgs.net/mdimg/sastojci/m.310.jpg
403,Tangerine blossom,https://fimgs.net/mdimg/sastojci/m.353.jpg
404,Tiare Flower,https://fimgs.net/mdimg/sastojci/m.148.jpg
405,Tuberose,https://fimgs.net/mdimg/sastojci/m.25.jpg
406,White Flowers,https://fimgs.net/mdimg/sastojci/m.323.jpg
407,White Tobacco,https://fimgs.net/mdimg/sastojci/m.345.jpg
408,Agave,https://fimgs.net/mdimg/sastojci/m.608.jpg
409,Algae,https://fimgs.net/mdimg/sastojci/m.889.jpg
410,Aloe Vera,https://fimgs.net/mdimg/sastojci/m.484.jpg
411,Ammophila (beach grass),https://fimgs.net/mdimg/sastojci/m.890.jpg
412,Angelica,https://fimgs.net/mdimg/sastojci/m.44.jpg
413,Apple Mint,https://fimgs.net/mdimg/sastojci/m.853.jpg
414,Arnica,https://fimgs.net/mdimg/sastojci/m.518.jpg
415,Artemisia,https://fimgs.net/mdimg/sastojci/m.47.jpg
416,Asparagus,https://fimgs.net/mdimg/sastojci/m.621.jpg
417,Avocado,https://fimgs.net/mdimg/sastojci/m.270.jpg
418,Azolla (Water Fern),https://fimgs.net/mdimg/sastojci/m.963.jpg
419,Banana Leaf,https://fimgs.net/mdimg/sastojci/m.124.jpg
420,Barley,https://fimgs.net/mdimg/sastojci/m.569.jpg
421,Basil,https://fimgs.net/mdimg/sastojci/m.119.jpg
422,Bay essence,https://fimgs.net/mdimg/sastojci/m.710.jpg
423,Black currant leaf,https://fimgs.net/mdimg/sastojci/m.570.jpg
424,Blackberry leaf,https://fimgs.net/mdimg/sastojci/m.618.jpg
425,Borage,https://fimgs.net/mdimg/sastojci/m.601.jpg
426,Borneol,https://fimgs.net/mdimg/sastojci/m.413.jpg
427,Bran,https://fimgs.net/mdimg/sastojci/m.655.jpg
428,Buchu or Agathosma,https://fimgs.net/mdimg/sastojci/m.583.jpg
429,Bulrush,https://fimgs.net/mdimg/sastojci/m.307.jpg
430,Burdock,https://fimgs.net/mdimg/sastojci/m.959.jpg
431,Cactus,https://fimgs.net/mdimg/sastojci/m.256.jpg
432,Calamus,https://fimgs.net/mdimg/sastojci/m.507.jpg
433,Calycanthus,https://fimgs.net/mdimg/sastojci/m.519.jpg
434,Cannabis,https://fimgs.net/mdimg/sastojci/m.363.jpg
435,Carnation leaves,https://fimgs.net/mdimg/sastojci/m.793.jpg
436,Celery,https://fimgs.net/mdimg/sastojci/m.392.jpg
437,Celery Seeds,https://fimgs.net/mdimg/sastojci/m.137.jpg
438,Centella Asiatica,https://fimgs.net/mdimg/sastojci/m.606.jpg
439,Chive,https://fimgs.net/mdimg/sastojci/m.875.jpg
440,Cilantro,https://fimgs.net/mdimg/sastojci/m.993.jpg
441,Clary Sage,https://fimgs.net/mdimg/sastojci/m.164.jpg
442,Coca,https://fimgs.net/mdimg/sastojci/m.1043.jpg
443,Creosote Bush,https://fimgs.net/mdimg/sastojci/m.811.jpg
444,Crithmum,https://fimgs.net/mdimg/sastojci/m.808.jpg
445,Davana,https://fimgs.net/mdimg/sastojci/m.907.jpg
446,Dried Fallen Leaves,https://fimgs.net/mdimg/sastojci/m.913.jpg
447,Earl Grey Tea,https://fimgs.net/mdimg/sastojci/m.733.jpg
448,Fern,https://fimgs.net/mdimg/sastojci/m.258.jpg
449,Galbanum,https://fimgs.net/mdimg/sastojci/m.45.jpg
450,Genmaicha,https://fimgs.net/mdimg/sastojci/m.786.jpg
451,Ginkgo,https://fimgs.net/mdimg/sastojci/m.688.jpg
452,Ginseng,https://fimgs.net/mdimg/sastojci/m.374.jpg
453,Grape leaves,https://fimgs.net/mdimg/sastojci/m.695.jpg
454,Grass,https://fimgs.net/mdimg/sastojci/m.277.jpg
455,Green Notes,https://fimgs.net/mdimg/sastojci/m.318.jpg
456,Green Pepper,https://fimgs.net/mdimg/sastojci/m.488.jpg
457,Green Sap,https://fimgs.net/mdimg/sastojci/m.897.jpg
458,Gromwell,https://fimgs.net/mdimg/sastojci/m.626.jpg
459,Guao or Maiden Plum,https://fimgs.net/mdimg/sastojci/m.812.jpg
460,Hay,https://fimgs.net/mdimg/sastojci/m.395.jpg
461,Henna,https://fimgs.net/mdimg/sastojci/m.741.jpg
462,Hops,https://fimgs.net/mdimg/sastojci/m.572.jpg
463,Horseweed,https://fimgs.net/mdimg/sastojci/m.947.jpg
464,Immortelle,https://fimgs.net/mdimg/sastojci/m.12.jpg
465,Ivy,https://fimgs.net/mdimg/sastojci/m.192.jpg
466,Jatamansi or Spikenard,https://fimgs.net/mdimg/sastojci/m.108.jpg
467,Juniper,https://fimgs.net/mdimg/sastojci/m.142.jpg
468,Juniper Berries,https://fimgs.net/mdimg/sastojci/m.143.jpg
469,Katrafay,https://fimgs.net/mdimg/sastojci/m.715.jpg
470,Katsura leaf,https://fimgs.net/mdimg/sastojci/m.698.jpg
471,Khella,https://fimgs.net/mdimg/sastojci/m.683.jpg
472,Laminaria,https://fimgs.net/mdimg/sastojci/m.824.jpg
473,Lantana leaf,https://fimgs.net/mdimg/sastojci/m.537.jpg
474,Lily Of the Valley Leaves,https://fimgs.net/mdimg/sastojci/m.975.jpg
475,Limnophila aromatica,https://fimgs.net/mdimg/sastojci/m.545.jpg
476,Linaloe berry,https://fimgs.net/mdimg/sastojci/m.684.jpg
477,Lovage Root,https://fimgs.net/mdimg/sastojci/m.1026.jpg
478,Marigold,https://fimgs.net/mdimg/sastojci/m.153.jpg
479,Marjoram,https://fimgs.net/mdimg/sastojci/m.260.jpg
480,Matcha Tea,https://fimgs.net/mdimg/sastojci/m.1001.jpg
481,Mate,https://fimgs.net/mdimg/sastojci/m.48.jpg
482,Melilot or Sweet Clover,https://fimgs.net/mdimg/sastojci/m.571.jpg
483,Mint,https://fimgs.net/mdimg/sastojci/m.160.jpg
484,Mistletoe,https://fimgs.net/mdimg/sastojci/m.516.jpg
485,Nettle,https://fimgs.net/mdimg/sastojci/m.248.jpg
486,Oak Leaves,https://fimgs.net/mdimg/sastojci/m.1013.jpg
487,Oat,https://fimgs.net/mdimg/sastojci/m.848.jpg
488,Olive Leaf,https://fimgs.net/mdimg/sastojci/m.264.jpg
489,Oolong tea,https://fimgs.net/mdimg/sastojci/m.713.jpg
490,Orchid Leaf,https://fimgs.net/mdimg/sastojci/m.994.jpg
491,Oregano,https://fimgs.net/mdimg/sastojci/m.386.jpg
492,Palm leaf,https://fimgs.net/mdimg/sastojci/m.389.jpg
493,Palmarosa,https://fimgs.net/mdimg/sastojci/m.508.jpg
494,Pandanus,https://fimgs.net/mdimg/sastojci/m.408.jpg
495,Parsley,https://fimgs.net/mdimg/sastojci/m.796.jpg
496,Peach Leaf,https://fimgs.net/mdimg/sastojci/m.934.jpg
497,Pear Leaf,https://fimgs.net/mdimg/sastojci/m.372.jpg
498,Polygonum,https://fimgs.net/mdimg/sastojci/m.1000.jpg
499,Portulaca or Pigweed,https://fimgs.net/mdimg/sastojci/m.587.jpg
500,Red Algae,https://fimgs.net/mdimg/sastojci/m.704.jpg
501,Reed,https://fimgs.net/mdimg/sastojci/m.383.jpg
502,Rice,https://fimgs.net/mdimg/sastojci/m.208.jpg
503,Rooibos Red Tea,https://fimgs.net/mdimg/sastojci/m.441.jpg
504,Rose Leaf,https://fimgs.net/mdimg/sastojci/m.949.jpg
505,Rose Thorn,https://fimgs.net/mdimg/sastojci/m.873.jpg
506,Rosemary,https://fimgs.net/mdimg/sastojci/m.49.jpg
507,Rue,https://fimgs.net/mdimg/sastojci/m.841.jpg
508,Rumex,https://fimgs.net/mdimg/sastojci/m.795.jpg
509,Rye,https://fimgs.net/mdimg/sastojci/m.847.jpg
510,Sage,https://fimgs.net/mdimg/sastojci/m.52.jpg
511,Satureja,https://fimgs.net/mdimg/sastojci/m.541.jpg
512,Saw palmetto,https://fimgs.net/mdimg/sastojci/m.685.jpg
513,Seaweed,https://fimgs.net/mdimg/sastojci/m.409.jpg
514,Shiso,https://fimgs.net/mdimg/sastojci/m.492.jpg
515,"Sideritis, Mountain tea",https://fimgs.net/mdimg/sastojci/m.559.jpg
516,Silk Vine or Milk Broom,https://fimgs.net/mdimg/sastojci/m.525.jpg
517,Skunk Cabbage,https://fimgs.net/mdimg/sastojci/m.493.jpg
518,Snake Plant,https://fimgs.net/mdimg/sastojci/m.1040.jpg
519,Spinach,https://fimgs.net/mdimg/sastojci/m.815.jpg
520,Strawberry Leaf,https://fimgs.net/mdimg/sastojci/m.262.jpg
521,Sundew,https://fimgs.net/mdimg/sastojci/m.951.jpg
522,Sweet Grass,https://fimgs.net/mdimg/sastojci/m.943.jpg
523,Tansy,https://fimgs.net/mdimg/sastojci/m.910.jpg
524,Tarragon,https://fimgs.net/mdimg/sastojci/m.93.jpg
525,Tea,https://fimgs.net/mdimg/sastojci/m.106.jpg
526,Thistle,https://fimgs.net/mdimg/sastojci/m.590.jpg
527,Thyme,https://fimgs.net/mdimg/sastojci/m.97.jpg
528,Ti Leaf (Cordyline),https://fimgs.net/mdimg/sastojci/m.904.jpg
529,Tobacco,https://fimgs.net/mdimg/sastojci/m.96.jpg
530,Tomato Leaf,https://fimgs.net/mdimg/sastojci/m.253.jpg
531,Tulsi,https://fimgs.net/mdimg/sastojci/m.474.jpg
532,Turnera diffusa (Damiana),https://fimgs.net/mdimg/sastojci/m.770.jpg
533,Valerian,https://fimgs.net/mdimg/sastojci/m.582.jpg
534,Vine,https://fimgs.net/mdimg/sastojci/m.449.jpg
535,Violet Leaf,https://fimgs.net/mdimg/sastojci/m.127.jpg
536,Wheat,https://fimgs.net/mdimg/sastojci/m.387.jpg
537,Wintergreen,https://fimgs.net/mdimg/sastojci/m.1054.jpg
538,Wormwood,https://fimgs.net/mdimg/sastojci/m.369.jpg
539,Yarrow,https://fimgs.net/mdimg/sastojci/m.681.jpg
540,Yunnan Red Tea,https://fimgs.net/mdimg/sastojci/m.442.jpg
541,Allspice,https://fimgs.net/mdimg/sastojci/m.122.jpg
542,Anise,https://fimgs.net/mdimg/sastojci/m.393.jpg
543,Asafoetida,https://fimgs.net/mdimg/sastojci/m.278.jpg
544,Bay Leaf,https://fimgs.net/mdimg/sastojci/m.128.jpg
545,Cacao Pod,https://fimgs.net/mdimg/sastojci/m.135.jpg
546,Caraway,https://fimgs.net/mdimg/sastojci/m.121.jpg
547,Cardamom,https://fimgs.net/mdimg/sastojci/m.63.jpg
548,Cassia,https://fimgs.net/mdimg/sastojci/m.60.jpg
549,Chutney,https://fimgs.net/mdimg/sastojci/m.498.jpg
550,Cinnamon,https://fimgs.net/mdimg/sastojci/m.65.jpg
551,Cinnamon Leaf,https://fimgs.net/mdimg/sastojci/m.868.jpg
552,Clove Leaf,https://fimgs.net/mdimg/sastojci/m.911.jpg
553,Cloves,https://fimgs.net/mdimg/sastojci/m.61.jpg
554,Coffee,https://fimgs.net/mdimg/sastojci/m.139.jpg
555,Coriander,https://fimgs.net/mdimg/sastojci/m.64.jpg
556,Cubeb or Tailed pepper,https://fimgs.net/mdimg/sastojci/m.588.jpg
557,Cumin,https://fimgs.net/mdimg/sastojci/m.549.jpg
558,Curcuma (Turmeric),https://fimgs.net/mdimg/sastojci/m.308.jpg
559,Curry tree,https://fimgs.net/mdimg/sastojci/m.417.jpg
560,Dill,https://fimgs.net/mdimg/sastojci/m.240.jpg
561,Fennel,https://fimgs.net/mdimg/sastojci/m.398.jpg
562,Fenugreek,https://fimgs.net/mdimg/sastojci/m.475.jpg
563,Galanga,https://fimgs.net/mdimg/sastojci/m.88.jpg
564,Ginger,https://fimgs.net/mdimg/sastojci/m.62.jpg
565,Indian Spices,https://fimgs.net/mdimg/sastojci/m.322.jpg
566,Japanese pepper,https://fimgs.net/mdimg/sastojci/m.603.jpg
567,Licorice,https://fimgs.net/mdimg/sastojci/m.195.jpg
568,Mace,https://fimgs.net/mdimg/sastojci/m.538.jpg
569,Mustard Seed,https://fimgs.net/mdimg/sastojci/m.851.jpg
570,Nutmeg,https://fimgs.net/mdimg/sastojci/m.59.jpg
571,Oily Notes,https://fimgs.net/mdimg/sastojci/m.731.jpg
572,Oriental notes,https://fimgs.net/mdimg/sastojci/m.483.jpg
573,Pepper,https://fimgs.net/mdimg/sastojci/m.158.jpg
574,Peppertree,https://fimgs.net/mdimg/sastojci/m.753.jpg
575,Pimento,https://fimgs.net/mdimg/sastojci/m.159.jpg
576,Pimento Leaf,https://fimgs.net/mdimg/sastojci/m.978.jpg
577,Pimento Seeds,https://fimgs.net/mdimg/sastojci/m.940.jpg
578,Pink Pepper,https://fimgs.net/mdimg/sastojci/m.91.jpg
579,Priprioca,https://fimgs.net/mdimg/sastojci/m.729.jpg
580,Saffron,https://fimgs.net/mdimg/sastojci/m.55.jpg
581,Safraleine,https://fimgs.net/mdimg/sastojci/m.349.jpg
582,Sesame,https://fimgs.net/mdimg/sastojci/m.290.jpg
583,Sichuan Pepper,https://fimgs.net/mdimg/sastojci/m.213.jpg
584,Spicy Notes,https://fimgs.net/mdimg/sastojci/m.321.jpg
585,Star Anise,https://fimgs.net/mdimg/sastojci/m.100.jpg
586,Sumac,https://fimgs.net/mdimg/sastojci/m.631.jpg
587,Tamarind,https://fimgs.net/mdimg/sastojci/m.233.jpg
588,Tonka Bean,https://fimgs.net/mdimg/sastojci/m.73.jpg
589,Toscanol,https://fimgs.net/mdimg/sastojci/m.350.jpg
590,Vanilla,https://fimgs.net/mdimg/sastojci/m.74.jpg
591,Wan Sao Lhong,https://fimgs.net/mdimg/sastojci/m.1024.jpg
592,Wasabi,https://fimgs.net/mdimg/sastojci/m.662.jpg
593,Water pepper,https://fimgs.net/mdimg/sastojci/m.585.jpg
594,West Indian Bay,https://fimgs.net/mdimg/sastojci/m.129.jpg
595,Acetyl Furan,https://fimgs.net/mdimg/sastojci/m.829.jpg
596,Agave nectar,https://fimgs.net/mdimg/sastojci/m.888.jpg
597,Biscuit,https://fimgs.net/mdimg/sastojci/m.574.jpg
598,Bread,https://fimgs.net/mdimg/sastojci/m.623.jpg
599,Brioche,https://fimgs.net/mdimg/sastojci/m.818.jpg
600,Brown sugar,https://fimgs.net/mdimg/sastojci/m.521.jpg
601,Bubble Gum,https://fimgs.net/mdimg/sastojci/m.884.jpg
602,Butter,https://fimgs.net/mdimg/sastojci/m.580.jpg
603,Butterscotch,https://fimgs.net/mdimg/sastojci/m.832.jpg
604,Calissons d'Aix,https://fimgs.net/mdimg/sastojci/m.1062.jpg
605,Candied Fruits,https://fimgs.net/mdimg/sastojci/m.948.jpg
606,Candied Ginger,https://fimgs.net/mdimg/sastojci/m.946.jpg
607,Candied Orange,https://fimgs.net/mdimg/sastojci/m.646.jpg
608,Candies,https://fimgs.net/mdimg/sastojci/m.316.jpg
609,Canelé,https://fimgs.net/mdimg/sastojci/m.754.jpg
610,Caramel,https://fimgs.net/mdimg/sastojci/m.183.jpg
611,Coconut Pie,https://fimgs.net/mdimg/sastojci/m.931.jpg
612,Confetti (Sugared Almonds),https://fimgs.net/mdimg/sastojci/m.1051.jpg
613,Cookie,https://fimgs.net/mdimg/sastojci/m.945.jpg
614,Cotton Candy,https://fimgs.net/mdimg/sastojci/m.237.jpg
615,Cream,https://fimgs.net/mdimg/sastojci/m.454.jpg
616,Crème brûlée,https://fimgs.net/mdimg/sastojci/m.495.jpg
617,Croissant,https://fimgs.net/mdimg/sastojci/m.405.jpg
618,Cupcake,https://fimgs.net/mdimg/sastojci/m.504.jpg
619,Custard,https://fimgs.net/mdimg/sastojci/m.517.jpg
620,Dark Chocolate,https://fimgs.net/mdimg/sastojci/m.136.jpg
621,Dates,https://fimgs.net/mdimg/sastojci/m.355.jpg
622,Dulce de leche,https://fimgs.net/mdimg/sastojci/m.575.jpg
623,French pastries,https://fimgs.net/mdimg/sastojci/m.598.jpg
624,Frosting [Glacé],https://fimgs.net/mdimg/sastojci/m.745.jpg
625,Gianduia,https://fimgs.net/mdimg/sastojci/m.974.jpg
626,Gingerbread,https://fimgs.net/mdimg/sastojci/m.535.jpg
627,Halva,https://fimgs.net/mdimg/sastojci/m.834.jpg
628,Hazelnut cocoa spread,https://fimgs.net/mdimg/sastojci/m.813.jpg
629,Honey,https://fimgs.net/mdimg/sastojci/m.181.jpg
630,Honeycomb,https://fimgs.net/mdimg/sastojci/m.1042.jpg
631,Horchata,https://fimgs.net/mdimg/sastojci/m.636.jpg
632,Ice cream,https://fimgs.net/mdimg/sastojci/m.599.jpg
633,Icing pink,https://fimgs.net/mdimg/sastojci/m.653.jpg
634,Kulfi,https://fimgs.net/mdimg/sastojci/m.661.jpg
635,Loukhoum,https://fimgs.net/mdimg/sastojci/m.694.jpg
636,Macarons,https://fimgs.net/mdimg/sastojci/m.451.jpg
637,Maple syrup,https://fimgs.net/mdimg/sastojci/m.447.jpg
638,Maraschino Cherry,https://fimgs.net/mdimg/sastojci/m.781.jpg
639,Marmalade,https://fimgs.net/mdimg/sastojci/m.268.jpg
640,Marron glacé,https://fimgs.net/mdimg/sastojci/m.391.jpg
641,Marshmallow,https://fimgs.net/mdimg/sastojci/m.236.jpg
642,Marzipan,https://fimgs.net/mdimg/sastojci/m.232.jpg
643,Meringues,https://fimgs.net/mdimg/sastojci/m.453.jpg
644,Milk Mousse,https://fimgs.net/mdimg/sastojci/m.568.jpg
645,Molasses,https://fimgs.net/mdimg/sastojci/m.768.jpg
646,Nougat,https://fimgs.net/mdimg/sastojci/m.437.jpg
647,Panettone,https://fimgs.net/mdimg/sastojci/m.1059.jpg
648,Panna cotta,https://fimgs.net/mdimg/sastojci/m.500.jpg
649,Pear Ice Cream,https://fimgs.net/mdimg/sastojci/m.806.jpg
650,Popcorn,https://fimgs.net/mdimg/sastojci/m.250.jpg
651,Praline,https://fimgs.net/mdimg/sastojci/m.198.jpg
652,Profiterole,https://fimgs.net/mdimg/sastojci/m.757.jpg
653,Rainbow Sorbet,https://fimgs.net/mdimg/sastojci/m.584.jpg
654,Rice Pudding,https://fimgs.net/mdimg/sastojci/m.944.jpg
655,Rose Jam,https://fimgs.net/mdimg/sastojci/m.1002.jpg
656,Sorbet,https://fimgs.net/mdimg/sastojci/m.643.jpg
657,Spun sugar,https://fimgs.net/mdimg/sastojci/m.530.jpg
658,Strawberry Syrup,https://fimgs.net/mdimg/sastojci/m.932.jpg
659,Sugar,https://fimgs.net/mdimg/sastojci/m.200.jpg
660,Tiramisu,https://fimgs.net/mdimg/sastojci/m.906.jpg
661,Toffee,https://fimgs.net/mdimg/sastojci/m.434.jpg
662,White Chocolate,https://fimgs.net/mdimg/sastojci/m.168.jpg
663,Yogurt,https://fimgs.net/mdimg/sastojci/m.970.jpg
664,Zefir,https://fimgs.net/mdimg/sastojci/m.1056.jpg
665,Agarwood (Oud),https://fimgs.net/mdimg/sastojci/m.114.jpg
666,Akigalawood,https://fimgs.net/mdimg/sastojci/m.697.jpg
667,Alder,https://fimgs.net/mdimg/sastojci/m.900.jpg
668,Almond tree,https://fimgs.net/mdimg/sastojci/m.327.jpg
669,Amaranth,https://fimgs.net/mdimg/sastojci/m.619.jpg
670,Amyris,https://fimgs.net/mdimg/sastojci/m.416.jpg
671,Apple Tree,https://fimgs.net/mdimg/sastojci/m.284.jpg
672,Araucaria,https://fimgs.net/mdimg/sastojci/m.573.jpg
673,"Arbutus (Madrona, Bearberry tree)",https://fimgs.net/mdimg/sastojci/m.771.jpg
674,Argan Tree,https://fimgs.net/mdimg/sastojci/m.955.jpg
675,Aspen,https://fimgs.net/mdimg/sastojci/m.613.jpg
676,Bamboo,https://fimgs.net/mdimg/sastojci/m.42.jpg
677,Baobab,https://fimgs.net/mdimg/sastojci/m.703.jpg
678,Bark,https://fimgs.net/mdimg/sastojci/m.709.jpg
679,Beech,https://fimgs.net/mdimg/sastojci/m.586.jpg
680,Belambra tree,https://fimgs.net/mdimg/sastojci/m.641.jpg
681,Birch,https://fimgs.net/mdimg/sastojci/m.31.jpg
682,Black hemlock or Tsuga,https://fimgs.net/mdimg/sastojci/m.565.jpg
683,Black Spruce,https://fimgs.net/mdimg/sastojci/m.478.jpg
684,Blackwood,https://fimgs.net/mdimg/sastojci/m.494.jpg
685,Brazilian Rosewood,https://fimgs.net/mdimg/sastojci/m.110.jpg
686,Buddha Wood,https://fimgs.net/mdimg/sastojci/m.821.jpg
687,Buxus,https://fimgs.net/mdimg/sastojci/m.333.jpg
688,Cabreuva,https://fimgs.net/mdimg/sastojci/m.611.jpg
689,Cambodian Oud,https://fimgs.net/mdimg/sastojci/m.762.jpg
690,Canadian Balsam,https://fimgs.net/mdimg/sastojci/m.70.jpg
691,Carob tree,https://fimgs.net/mdimg/sastojci/m.430.jpg
692,Cascarilla,https://fimgs.net/mdimg/sastojci/m.1048.jpg
693,Cashmir wood,https://fimgs.net/mdimg/sastojci/m.343.jpg
694,Cedar,https://fimgs.net/mdimg/sastojci/m.41.jpg
695,Chalood Bark,https://fimgs.net/mdimg/sastojci/m.1025.jpg
696,Cherry Tree,https://fimgs.net/mdimg/sastojci/m.985.jpg
697,Clearwood,https://fimgs.net/mdimg/sastojci/m.816.jpg
698,Cocobolo,https://fimgs.net/mdimg/sastojci/m.302.jpg
699,Coffee Tree,https://fimgs.net/mdimg/sastojci/m.1014.jpg
700,Cork,https://fimgs.net/mdimg/sastojci/m.769.jpg
701,Cottonwood (Poplar),https://fimgs.net/mdimg/sastojci/m.718.jpg
702,Cypress,https://fimgs.net/mdimg/sastojci/m.186.jpg
703,Cypriol Oil or Nagarmotha,https://fimgs.net/mdimg/sastojci/m.406.jpg
704,Driftwood,https://fimgs.net/mdimg/sastojci/m.503.jpg
705,Dry Wood,https://fimgs.net/mdimg/sastojci/m.1012.jpg
706,Ebony tree,https://fimgs.net/mdimg/sastojci/m.331.jpg
707,Eucalyptus,https://fimgs.net/mdimg/sastojci/m.149.jpg
708,Fig tree,https://fimgs.net/mdimg/sastojci/m.431.jpg
709,Fir,https://fimgs.net/mdimg/sastojci/m.205.jpg
710,Grass Tree,https://fimgs.net/mdimg/sastojci/m.1033.jpg
711,Guaiac Wood,https://fimgs.net/mdimg/sastojci/m.36.jpg
712,Hinoki Wood,https://fimgs.net/mdimg/sastojci/m.32.jpg
713,Ho Wood,https://fimgs.net/mdimg/sastojci/m.898.jpg
714,Incienso,https://fimgs.net/mdimg/sastojci/m.893.jpg
715,Indian Oud,https://fimgs.net/mdimg/sastojci/m.759.jpg
716,Indian woods,https://fimgs.net/mdimg/sastojci/m.807.jpg
717,"Ishpink, Ocotea quixos",https://fimgs.net/mdimg/sastojci/m.1021.jpg
718,Kowhai,https://fimgs.net/mdimg/sastojci/m.784.jpg
719,Laotian Oud,https://fimgs.net/mdimg/sastojci/m.760.jpg
720,Larch,https://fimgs.net/mdimg/sastojci/m.360.jpg
721,Lichen,https://fimgs.net/mdimg/sastojci/m.667.jpg
722,Mahogany,https://fimgs.net/mdimg/sastojci/m.43.jpg
723,Manuka,https://fimgs.net/mdimg/sastojci/m.470.jpg
724,Maple,https://fimgs.net/mdimg/sastojci/m.305.jpg
725,Massoia,https://fimgs.net/mdimg/sastojci/m.229.jpg
726,Mesquite Wood,https://fimgs.net/mdimg/sastojci/m.1016.jpg
727,Muhuhu,https://fimgs.net/mdimg/sastojci/m.506.jpg
728,Neem,https://fimgs.net/mdimg/sastojci/m.361.jpg
729,Nootka,https://fimgs.net/mdimg/sastojci/m.969.jpg
730,Oak,https://fimgs.net/mdimg/sastojci/m.326.jpg
731,Oakmoss,https://fimgs.net/mdimg/sastojci/m.39.jpg
732,Olive Tree,https://fimgs.net/mdimg/sastojci/m.265.jpg
733,Palisander Rosewood,https://fimgs.net/mdimg/sastojci/m.38.jpg
734,Palo Santo,https://fimgs.net/mdimg/sastojci/m.597.jpg
735,Paperbark,https://fimgs.net/mdimg/sastojci/m.359.jpg
736,Papyrus,https://fimgs.net/mdimg/sastojci/m.206.jpg
737,Patchouli,https://fimgs.net/mdimg/sastojci/m.34.jpg
738,Pear Tree,https://fimgs.net/mdimg/sastojci/m.371.jpg
739,Pepperwood or Hercules Club,https://fimgs.net/mdimg/sastojci/m.594.jpg
740,Pine Tree,https://fimgs.net/mdimg/sastojci/m.204.jpg
741,Plum Tree,https://fimgs.net/mdimg/sastojci/m.306.jpg
742,Pua keni keni (Pua-lulu),https://fimgs.net/mdimg/sastojci/m.905.jpg
743,Ravenala,https://fimgs.net/mdimg/sastojci/m.1017.jpg
744,Ravensara,https://fimgs.net/mdimg/sastojci/m.595.jpg
745,Red Willow,https://fimgs.net/mdimg/sastojci/m.952.jpg
746,Saman,https://fimgs.net/mdimg/sastojci/m.903.jpg
747,Sandalwood,https://fimgs.net/mdimg/sastojci/m.33.jpg
748,Satinwood,https://fimgs.net/mdimg/sastojci/m.332.jpg
749,Sequoia,https://fimgs.net/mdimg/sastojci/m.309.jpg
750,Siam,https://fimgs.net/mdimg/sastojci/m.334.jpg
751,Spruce,https://fimgs.net/mdimg/sastojci/m.481.jpg
752,Sycamore,https://fimgs.net/mdimg/sastojci/m.487.jpg
753,Takamaka,https://fimgs.net/mdimg/sastojci/m.1006.jpg
754,Teak Wood,https://fimgs.net/mdimg/sastojci/m.266.jpg
755,Thailand Oud,https://fimgs.net/mdimg/sastojci/m.761.jpg
756,Thuja,https://fimgs.net/mdimg/sastojci/m.394.jpg
757,Vetiver,https://fimgs.net/mdimg/sastojci/m.2.jpg
758,White Oud,https://fimgs.net/mdimg/sastojci/m.777.jpg
759,White Willow,https://fimgs.net/mdimg/sastojci/m.852.jpg
760,Woody Notes,https://fimgs.net/mdimg/sastojci/m.315.jpg
761,Yohimbe,https://fimgs.net/mdimg/sastojci/m.687.jpg
762,Amberwood,https://fimgs.net/mdimg/sastojci/m.691.jpg
763,Balsamic Vinegar,https://fimgs.net/mdimg/sastojci/m.622.jpg
764,Benzoin,https://fimgs.net/mdimg/sastojci/m.69.jpg
765,Birch Tar,https://fimgs.net/mdimg/sastojci/m.862.jpg
766,Breu-Branco,https://fimgs.net/mdimg/sastojci/m.728.jpg
767,Bushman Candle,https://fimgs.net/mdimg/sastojci/m.865.jpg
768,Cade oil,https://fimgs.net/mdimg/sastojci/m.810.jpg
769,Choya Loban,https://fimgs.net/mdimg/sastojci/m.476.jpg
770,Choya Nakh,https://fimgs.net/mdimg/sastojci/m.838.jpg
771,Choya Ral,https://fimgs.net/mdimg/sastojci/m.840.jpg
772,Coal Tar,https://fimgs.net/mdimg/sastojci/m.941.jpg
773,Copahu Balm,https://fimgs.net/mdimg/sastojci/m.407.jpg
774,Copaiba balm,https://fimgs.net/mdimg/sastojci/m.714.jpg
775,Copal,https://fimgs.net/mdimg/sastojci/m.542.jpg
776,Dragon Blood Resin,https://fimgs.net/mdimg/sastojci/m.850.jpg
777,Elemi,https://fimgs.net/mdimg/sastojci/m.390.jpg
778,Gurjun balsam,https://fimgs.net/mdimg/sastojci/m.536.jpg
779,Incense,https://fimgs.net/mdimg/sastojci/m.68.jpg
780,Labdanum,https://fimgs.net/mdimg/sastojci/m.15.jpg
781,Mastic or Lentisque,https://fimgs.net/mdimg/sastojci/m.471.jpg
782,Mopane,https://fimgs.net/mdimg/sastojci/m.716.jpg
783,Myrica,https://fimgs.net/mdimg/sastojci/m.899.jpg
784,Myrrh,https://fimgs.net/mdimg/sastojci/m.98.jpg
785,Nag Champa,https://fimgs.net/mdimg/sastojci/m.962.jpg
786,Olibanum (Frankincense),https://fimgs.net/mdimg/sastojci/m.95.jpg
787,Opoponax,https://fimgs.net/mdimg/sastojci/m.37.jpg
788,Peru Balsam,https://fimgs.net/mdimg/sastojci/m.72.jpg
789,Poplar (Populus) buds,https://fimgs.net/mdimg/sastojci/m.540.jpg
790,Resins,https://fimgs.net/mdimg/sastojci/m.317.jpg
791,Rubber,https://fimgs.net/mdimg/sastojci/m.942.jpg
792,Styrax,https://fimgs.net/mdimg/sastojci/m.67.jpg
793,Surf wax,https://fimgs.net/mdimg/sastojci/m.656.jpg
794,Tea Tree Oil,https://fimgs.net/mdimg/sastojci/m.861.jpg
795,Amber,https://fimgs.net/mdimg/sastojci/m.54.jpg
796,Amber Xtreme,https://fimgs.net/mdimg/sastojci/m.879.jpg
797,Ambergris,https://fimgs.net/mdimg/sastojci/m.524.jpg
798,Ambertonic™ (IFF),https://fimgs.net/mdimg/sastojci/m.837.jpg
799,Ambrarome,https://fimgs.net/mdimg/sastojci/m.562.jpg
800,Ambretone,https://fimgs.net/mdimg/sastojci/m.351.jpg
801,Ambrette (Musk Mallow),https://fimgs.net/mdimg/sastojci/m.107.jpg
802,Ambrettolide,https://fimgs.net/mdimg/sastojci/m.919.jpg
803,Ambrocenide (Symrise),https://fimgs.net/mdimg/sastojci/m.822.jpg
804,Ambroxan,https://fimgs.net/mdimg/sastojci/m.563.jpg
805,Animal notes,https://fimgs.net/mdimg/sastojci/m.794.jpg
806,Aspic,https://fimgs.net/mdimg/sastojci/m.763.jpg
807,Bacon,https://fimgs.net/mdimg/sastojci/m.514.jpg
808,BBQ,https://fimgs.net/mdimg/sastojci/m.515.jpg
809,Beeswax,https://fimgs.net/mdimg/sastojci/m.53.jpg
810,Carrot Seeds,https://fimgs.net/mdimg/sastojci/m.276.jpg
811,Castoreum,https://fimgs.net/mdimg/sastojci/m.102.jpg
812,Caviar,https://fimgs.net/mdimg/sastojci/m.432.jpg
813,Cetalox,https://fimgs.net/mdimg/sastojci/m.564.jpg
814,Cheese,https://fimgs.net/mdimg/sastojci/m.579.jpg
815,Civet,https://fimgs.net/mdimg/sastojci/m.104.jpg
816,Coral Reef,https://fimgs.net/mdimg/sastojci/m.708.jpg
817,Daim,https://fimgs.net/mdimg/sastojci/m.825.jpg
818,Genet,https://fimgs.net/mdimg/sastojci/m.552.jpg
819,Goat hair,https://fimgs.net/mdimg/sastojci/m.412.jpg
820,Hyraceum,https://fimgs.net/mdimg/sastojci/m.411.jpg
821,Kephalis,https://fimgs.net/mdimg/sastojci/m.399.jpg
822,Leather,https://fimgs.net/mdimg/sastojci/m.156.jpg
823,Meat,https://fimgs.net/mdimg/sastojci/m.513.jpg
824,Milk,https://fimgs.net/mdimg/sastojci/m.199.jpg
825,Musk,https://fimgs.net/mdimg/sastojci/m.4.jpg
826,Oysters,https://fimgs.net/mdimg/sastojci/m.711.jpg
827,Sea shells,https://fimgs.net/mdimg/sastojci/m.410.jpg
828,Skin,https://fimgs.net/mdimg/sastojci/m.882.jpg
829,Starfish,https://fimgs.net/mdimg/sastojci/m.217.jpg
830,Suede,https://fimgs.net/mdimg/sastojci/m.196.jpg
831,Sylkolide,https://fimgs.net/mdimg/sastojci/m.928.jpg
832,Tolu Balsam,https://fimgs.net/mdimg/sastojci/m.71.jpg
833,Truffle,https://fimgs.net/mdimg/sastojci/m.335.jpg
834,Absinthe,https://fimgs.net/mdimg/sastojci/m.717.jpg
835,Amaretto,https://fimgs.net/mdimg/sastojci/m.267.jpg
836,Baileys Irish Cream,https://fimgs.net/mdimg/sastojci/m.870.jpg
837,Beer/Ale,https://fimgs.net/mdimg/sastojci/m.965.jpg
838,Bellini,https://fimgs.net/mdimg/sastojci/m.312.jpg
839,Blue Margarita,https://fimgs.net/mdimg/sastojci/m.780.jpg
840,Bourbon Whiskey,https://fimgs.net/mdimg/sastojci/m.939.jpg
841,Caipirinha,https://fimgs.net/mdimg/sastojci/m.664.jpg
842,Campari,https://fimgs.net/mdimg/sastojci/m.388.jpg
843,Cappuccino,https://fimgs.net/mdimg/sastojci/m.246.jpg
844,Champagne,https://fimgs.net/mdimg/sastojci/m.400.jpg
845,Chinotto,https://fimgs.net/mdimg/sastojci/m.803.jpg
846,Coca-Cola,https://fimgs.net/mdimg/sastojci/m.362.jpg
847,Cognac,https://fimgs.net/mdimg/sastojci/m.280.jpg
848,Cognac,https://fimgs.net/mdimg/sastojci/m.523.jpg
849,Cosmopolitan cocktail,https://fimgs.net/mdimg/sastojci/m.648.jpg
850,Cream Soda,https://fimgs.net/mdimg/sastojci/m.477.jpg
851,Curacao,https://fimgs.net/mdimg/sastojci/m.220.jpg
852,Daiquiri,https://fimgs.net/mdimg/sastojci/m.742.jpg
853,Eau de vie,https://fimgs.net/mdimg/sastojci/m.647.jpg
854,Gin,https://fimgs.net/mdimg/sastojci/m.299.jpg
855,Grenadine,https://fimgs.net/mdimg/sastojci/m.311.jpg
856,Hi-Fi,https://fimgs.net/mdimg/sastojci/m.758.jpg
857,Jasmine Tea,https://fimgs.net/mdimg/sastojci/m.772.jpg
858,Kir Royal,https://fimgs.net/mdimg/sastojci/m.576.jpg
859,Lemonade,https://fimgs.net/mdimg/sastojci/m.455.jpg
860,Limoncello,https://fimgs.net/mdimg/sastojci/m.440.jpg
861,Liquor,https://fimgs.net/mdimg/sastojci/m.727.jpg
862,Madeira,https://fimgs.net/mdimg/sastojci/m.743.jpg
863,Mai Tai Cocktail,https://fimgs.net/mdimg/sastojci/m.665.jpg
864,Martini,https://fimgs.net/mdimg/sastojci/m.420.jpg
865,Masala Chai,https://fimgs.net/mdimg/sastojci/m.214.jpg
866,Mojito,https://fimgs.net/mdimg/sastojci/m.300.jpg
867,Pina Colada,https://fimgs.net/mdimg/sastojci/m.282.jpg
868,Pisco Sour cocktail,https://fimgs.net/mdimg/sastojci/m.1050.jpg
869,Port Wine,https://fimgs.net/mdimg/sastojci/m.950.jpg
870,Prosecco,https://fimgs.net/mdimg/sastojci/m.1045.jpg
871,Punch,https://fimgs.net/mdimg/sastojci/m.581.jpg
872,Raki,https://fimgs.net/mdimg/sastojci/m.751.jpg
873,Red Wine,https://fimgs.net/mdimg/sastojci/m.464.jpg
874,Rum,https://fimgs.net/mdimg/sastojci/m.201.jpg
875,sake,https://fimgs.net/mdimg/sastojci/m.734.jpg
876,Sangria,https://fimgs.net/mdimg/sastojci/m.699.jpg
877,Syrup,https://fimgs.net/mdimg/sastojci/m.997.jpg
878,Tequila,https://fimgs.net/mdimg/sastojci/m.424.jpg
879,Tokaji wine,https://fimgs.net/mdimg/sastojci/m.652.jpg
880,Tonic Water,https://fimgs.net/mdimg/sastojci/m.660.jpg
881,Vermouth,https://fimgs.net/mdimg/sastojci/m.628.jpg
882,Vodka,https://fimgs.net/mdimg/sastojci/m.203.jpg
883,Whiskey,https://fimgs.net/mdimg/sastojci/m.210.jpg
884,White wine,https://fimgs.net/mdimg/sastojci/m.543.jpg
885,Wine Lees,https://fimgs.net/mdimg/sastojci/m.1004.jpg
886,Aldehydes,https://fimgs.net/mdimg/sastojci/m.165.jpg
887,Aluminum,https://fimgs.net/mdimg/sastojci/m.456.jpg
888,Ammonia,https://fimgs.net/mdimg/sastojci/m.1064.jpg
889,Amyl Salicylate,https://fimgs.net/mdimg/sastojci/m.347.jpg
890,Aquozone,https://fimgs.net/mdimg/sastojci/m.1039.jpg
891,Ash,https://fimgs.net/mdimg/sastojci/m.627.jpg
892,Asphalt,https://fimgs.net/mdimg/sastojci/m.556.jpg
893,Blood,https://fimgs.net/mdimg/sastojci/m.1038.jpg
894,Boisiris,https://fimgs.net/mdimg/sastojci/m.920.jpg
895,Brick,https://fimgs.net/mdimg/sastojci/m.843.jpg
896,Brown Scotch Tape,https://fimgs.net/mdimg/sastojci/m.511.jpg
897,Burnt Match,https://fimgs.net/mdimg/sastojci/m.657.jpg
898,Calone,https://fimgs.net/mdimg/sastojci/m.423.jpg
899,Calypsone,https://fimgs.net/mdimg/sastojci/m.1032.jpg
900,Camphor,https://fimgs.net/mdimg/sastojci/m.404.jpg
901,Caoutchouc,https://fimgs.net/mdimg/sastojci/m.620.jpg
902,Cascalone,https://fimgs.net/mdimg/sastojci/m.706.jpg
903,Cashmeran,https://fimgs.net/mdimg/sastojci/m.348.jpg
904,Clay,https://fimgs.net/mdimg/sastojci/m.403.jpg
905,CO2 Extracts,https://fimgs.net/mdimg/sastojci/m.783.jpg
906,Coal,https://fimgs.net/mdimg/sastojci/m.554.jpg
907,Cobblestone,https://fimgs.net/mdimg/sastojci/m.973.jpg
908,Concrete,https://fimgs.net/mdimg/sastojci/m.936.jpg
909,Coranol,https://fimgs.net/mdimg/sastojci/m.895.jpg
910,Cork,https://fimgs.net/mdimg/sastojci/m.844.jpg
911,Cosmone,https://fimgs.net/mdimg/sastojci/m.922.jpg
912,Coumarin,https://fimgs.net/mdimg/sastojci/m.259.jpg
913,Dew Drop,https://fimgs.net/mdimg/sastojci/m.798.jpg
914,Dodecanal,https://fimgs.net/mdimg/sastojci/m.902.jpg
915,Earth tincture,https://fimgs.net/mdimg/sastojci/m.415.jpg
916,Earthy Notes,https://fimgs.net/mdimg/sastojci/m.801.jpg
917,Ember,https://fimgs.net/mdimg/sastojci/m.589.jpg
918,Ethyl Maltol,https://fimgs.net/mdimg/sastojci/m.836.jpg
919,Eugenol,https://fimgs.net/mdimg/sastojci/m.894.jpg
920,Fabric,https://fimgs.net/mdimg/sastojci/m.953.jpg
921,Fire,https://fimgs.net/mdimg/sastojci/m.960.jpg
922,Fish,https://fimgs.net/mdimg/sastojci/m.991.jpg
923,Flint,https://fimgs.net/mdimg/sastojci/m.712.jpg
924,Galaxolide,https://fimgs.net/mdimg/sastojci/m.887.jpg
925,Gasoline,https://fimgs.net/mdimg/sastojci/m.845.jpg
926,Geosmin,https://fimgs.net/mdimg/sastojci/m.546.jpg
927,Graphite,https://fimgs.net/mdimg/sastojci/m.831.jpg
928,Gunpowder,https://fimgs.net/mdimg/sastojci/m.485.jpg
929,Head Space Waterfall,https://fimgs.net/mdimg/sastojci/m.755.jpg
930,Hedione,https://fimgs.net/mdimg/sastojci/m.640.jpg
931,Hina,https://fimgs.net/mdimg/sastojci/m.775.jpg
932,Hot iron,https://fimgs.net/mdimg/sastojci/m.591.jpg
933,Ice,https://fimgs.net/mdimg/sastojci/m.856.jpg
934,Indole,https://fimgs.net/mdimg/sastojci/m.528.jpg
935,Industrial Glue,https://fimgs.net/mdimg/sastojci/m.512.jpg
936,Ink,https://fimgs.net/mdimg/sastojci/m.539.jpg
937,Instant film accord,https://fimgs.net/mdimg/sastojci/m.828.jpg
938,Iso E Super,https://fimgs.net/mdimg/sastojci/m.422.jpg
939,Isobutyl Quinoline,https://fimgs.net/mdimg/sastojci/m.925.jpg
940,Javanol,https://fimgs.net/mdimg/sastojci/m.915.jpg
941,Jeans,https://fimgs.net/mdimg/sastojci/m.765.jpg
942,Lava,https://fimgs.net/mdimg/sastojci/m.833.jpg
943,Linen,https://fimgs.net/mdimg/sastojci/m.857.jpg
944,Lip gloss,https://fimgs.net/mdimg/sastojci/m.999.jpg
945,Lipstick,https://fimgs.net/mdimg/sastojci/m.883.jpg
946,Lorenox,https://fimgs.net/mdimg/sastojci/m.544.jpg
947,Magnolan,https://fimgs.net/mdimg/sastojci/m.964.jpg
948,Mahonial,https://fimgs.net/mdimg/sastojci/m.990.jpg
949,Metallic notes,https://fimgs.net/mdimg/sastojci/m.458.jpg
950,Mineral notes,https://fimgs.net/mdimg/sastojci/m.820.jpg
951,Mitti Attar,https://fimgs.net/mdimg/sastojci/m.799.jpg
952,Molasses,https://fimgs.net/mdimg/sastojci/m.767.jpg
953,Motor Oil,https://fimgs.net/mdimg/sastojci/m.938.jpg
954,Mountain Air,https://fimgs.net/mdimg/sastojci/m.679.jpg
955,Mugane,https://fimgs.net/mdimg/sastojci/m.1041.jpg
956,NaturalCalm™,https://fimgs.net/mdimg/sastojci/m.764.jpg
957,Neoprene,https://fimgs.net/mdimg/sastojci/m.670.jpg
958,Ozonic notes,https://fimgs.net/mdimg/sastojci/m.669.jpg
959,Paper,https://fimgs.net/mdimg/sastojci/m.756.jpg
960,Para-Cresyl Phenyl Acetate,https://fimgs.net/mdimg/sastojci/m.876.jpg
961,Paradisone,https://fimgs.net/mdimg/sastojci/m.992.jpg
962,Peat,https://fimgs.net/mdimg/sastojci/m.479.jpg
963,Pebbles,https://fimgs.net/mdimg/sastojci/m.457.jpg
964,Petalia,https://fimgs.net/mdimg/sastojci/m.617.jpg
965,Plastic,https://fimgs.net/mdimg/sastojci/m.954.jpg
966,Pollen,https://fimgs.net/mdimg/sastojci/m.896.jpg
967,Pomarose,https://fimgs.net/mdimg/sastojci/m.872.jpg
968,Powdery notes,https://fimgs.net/mdimg/sastojci/m.482.jpg
969,Rain Notes,https://fimgs.net/mdimg/sastojci/m.800.jpg
970,Salt,https://fimgs.net/mdimg/sastojci/m.231.jpg
971,Sand,https://fimgs.net/mdimg/sastojci/m.325.jpg
972,Satin,https://fimgs.net/mdimg/sastojci/m.558.jpg
973,Sea Water,https://fimgs.net/mdimg/sastojci/m.324.jpg
974,Silk,https://fimgs.net/mdimg/sastojci/m.1003.jpg
975,Slate,https://fimgs.net/mdimg/sastojci/m.459.jpg
976,Smoke,https://fimgs.net/mdimg/sastojci/m.735.jpg
977,Snow,https://fimgs.net/mdimg/sastojci/m.835.jpg
978,Soap,https://fimgs.net/mdimg/sastojci/m.1057.jpg
979,Sodium Silicate,https://fimgs.net/mdimg/sastojci/m.802.jpg
980,Solar notes,https://fimgs.net/mdimg/sastojci/m.672.jpg
981,Spiranol,https://fimgs.net/mdimg/sastojci/m.1052.jpg
982,Spray paint,https://fimgs.net/mdimg/sastojci/m.998.jpg
983,Sulphur,https://fimgs.net/mdimg/sastojci/m.1063.jpg
984,Suntan Lotion,https://fimgs.net/mdimg/sastojci/m.1035.jpg
985,Talc,https://fimgs.net/mdimg/sastojci/m.976.jpg
986,Tennis ball,https://fimgs.net/mdimg/sastojci/m.557.jpg
987,Tulle accord,https://fimgs.net/mdimg/sastojci/m.842.jpg
988,Varnish accord,https://fimgs.net/mdimg/sastojci/m.789.jpg
989,Velvet,https://fimgs.net/mdimg/sastojci/m.779.jpg
990,Verdox,https://fimgs.net/mdimg/sastojci/m.1053.jpg
991,Vinyl,https://fimgs.net/mdimg/sastojci/m.499.jpg
992,Water,https://fimgs.net/mdimg/sastojci/m.370.jpg
993,Wet plaster,https://fimgs.net/mdimg/sastojci/m.607.jpg
994,Wool,https://fimgs.net/mdimg/sastojci/m.830.jpg
